"","NC_008253","NC_008563","NC_010468","NC_004431","NC_009801","NC_009800","NC_002655","NC_002695","NC_010498","NC_007946","NC_010473","NC_000913"
"AAA",115882,120047,111822,124136,118636,109038,132616,131762,121061,118230,109803,108924
"AAC",87982,90241,84130,92978,88765,82826,97434,96688,90169,89847,83428,82582
"AAG",66889,69245,64633,71313,68347,63851,75024,74942,69242,68317,64243,63369
"AAT",89526,91825,84961,94751,89684,82825,100785,99714,92496,91529,83685,82995
"ACA",64147,65248,59543,68552,63917,58691,71838,71263,64682,65244,59205,58637
"ACC",79153,81213,75768,83465,80346,74839,88317,87798,81345,81075,75585,74897
"ACG",76763,79292,74964,80947,77930,73304,85199,85157,79087,79297,73820,73263
"ACT",54087,54980,50857,57187,54251,50297,60095,59504,55001,54897,50514,49865
"AGA",60960,62504,56784,64766,61264,56627,68211,68107,62337,61985,57198,56621
"AGC",85597,87939,82321,90469,86963,81388,94913,94821,87657,87785,81801,80860
"AGG",54205,56202,51731,58062,54544,50629,60859,61267,55296,55811,51254,50624
"AGT",53941,55415,51056,57499,53963,49822,59748,59627,55100,55392,50381,49772
"ATA",70220,70875,64497,74638,69569,63516,78530,77498,71227,71086,64159,63697
"ATC",92588,94638,88327,97341,92594,86845,102051,101204,94711,94561,87304,86486
"ATG",81207,83958,78469,86702,81377,76072,92033,91815,83580,83473,77126,76238
"ATT",89576,92452,84651,94612,89807,83014,101007,100328,92800,91668,84134,83398
"CAA",81404,83613,77906,85792,81756,76932,89374,88537,83585,83531,77397,76614
"CAC",71692,73238,67716,75657,71981,66846,79512,78980,72858,73496,67280,66751
"CAG",112836,115963,106199,120155,113438,105365,125695,125340,114826,116076,105805,104799
"CAT",83409,85043,77627,87910,82678,77046,92259,91321,84712,85073,77749,76985
"CCA",92477,94674,86987,97144,92521,86694,100707,100029,94823,95060,87151,86436
"CCC",51462,52192,48555,54779,51816,47758,58602,57783,52401,52451,48178,47775
"CCG",91404,93901,89498,96558,93041,86996,103501,103375,93807,93697,87792,87036
"CCT",53994,55557,51560,57273,54434,50647,61025,60463,55010,55282,50942,50426
"CGA",73619,75943,72962,76881,74928,70676,80824,80724,76508,75554,71651,70938
"CGC",119057,122531,117450,124032,121513,115737,130096,130010,122873,122732,116579,115695
"CGG",90859,93867,89853,96474,92795,86884,103338,103781,93636,93872,87462,86877
"CGT",76820,79153,75256,80899,77671,73052,84855,85030,79108,78975,73851,73160
"CTA",28369,28866,27446,29831,28673,26863,31576,31304,29253,28799,27096,26764
"CTC",46004,47289,43381,48735,46555,43220,51958,51305,46705,47059,43310,42733
"CTG",110811,113994,107661,118042,111306,103924,124334,124014,112443,113295,104219,102909
"CTT",67363,69433,64624,71026,67936,63713,74689,74240,69140,69369,64415,63655
"GAA",88681,91911,85602,94689,90467,83689,100676,100396,91818,90719,84527,83494
"GAC",58160,59706,55607,61837,58916,54865,65660,65625,59340,59581,55280,54737
"GAG",45711,47263,43841,48746,45973,42276,51601,52175,46952,46830,43126,42465
"GAT",91569,94554,88478,96605,91966,86423,101615,101615,94049,93910,87320,86551
"GCA",101964,104732,97496,107812,102419,96366,112669,112321,103746,104697,96874,96028
"GCC",97705,100438,94441,102758,98639,92935,107951,107906,100381,100524,93719,92973
"GCG",117963,121707,118611,123313,120454,114631,129534,130281,122347,121772,115611,114632
"GCT",83995,86969,83020,89238,85761,80872,93923,93895,86459,86574,81327,80298
"GGA",60392,62567,57689,65075,60927,56500,69432,69801,61575,62095,56863,56197
"GGC",96113,99412,95465,101907,97405,92203,107628,108054,98956,99129,92959,92144
"GGG",50217,51963,49258,54596,51112,47358,58403,59007,51925,51857,48058,47495
"GGT",78260,81020,76846,83012,79400,74080,87693,87888,80527,80743,74980,74301
"GTA",56921,58104,53807,60398,56838,52679,63090,62822,57615,58114,53200,52672
"GTC",57817,59582,56320,61271,58229,54315,64849,64618,59393,59628,54858,54221
"GTG",70264,72897,68611,75156,70866,66064,79285,79671,72003,72730,66633,66117
"GTT",87707,90650,84463,92677,88349,82217,96548,96443,90593,90252,83465,82598
"TAA",74312,75785,70217,78554,74573,68881,83209,82411,76504,75443,69432,68838
"TAC",56316,57547,53679,59676,56782,52594,62919,62429,57748,57589,53136,52592
"TAG",29266,29592,27219,30591,28975,26973,31434,31364,29370,29749,27459,27243
"TAT",69087,70503,64878,74031,69019,63153,78957,78195,71061,70276,63969,63288
"TCA",90753,93207,85422,96011,90996,84438,101728,100565,92731,93175,85001,84048
"TCC",61017,62484,57836,64748,61011,56563,68967,68163,61914,62440,56581,56028
"TCG",74225,76590,72448,77469,75482,71418,80882,80732,76884,76367,72320,71739
"TCT",60471,62073,57675,63926,60024,55904,67515,67001,61071,61769,56258,55472
"TGA",89150,92416,86093,95148,90203,83450,101171,101179,91739,91406,84541,83491
"TGC",100860,103967,98332,106710,101392,95476,111480,111518,103446,103921,96192,95232
"TGG",89701,92930,88416,95462,90393,85270,100578,100695,92126,92284,86086,85141
"TGT",63688,65643,60043,68098,63248,58321,71458,71009,64869,65614,58944,58375
"TTA",73471,75583,70243,77983,74269,68543,83313,82775,76588,75058,69541,68828
"TTC",90058,92846,85353,94811,90136,83944,100073,99335,91791,92504,84689,83848
"TTG",81117,84103,78142,85518,81687,76457,88944,88901,84154,83727,77784,76975
"TTT",117684,121620,111470,124180,118707,108738,132782,131927,121233,120744,110879,109831
